区分,項目名,データ項目名,JLAC10項目コード(17桁),データタイプ,XMLデータ型,最大バイト長,一連検査グループ関係コード,コード表OID,出力セクション,Observation.category,コード,Observation.value[x]のデータ型,Observation.valueCodeableConceptのsystem,Observation.valueQuantityの単位コード(code),一連検査グループコード,グループのcategory,Observation.component,に記載する項目,検体コード,報告区分,検診区分,省略可,サンプル
肺がん一次検診,問診,肺がん検診の過去の受診歴,9P500000000000011,コード,CD,1,1.2.392.100495.100.2000,問診,exam,CodeableConcept,urn:oid:1.2.392.100495.100.2000,51,1,Y,Y,,,,,,,,
肺がん一次検診,肺がん検診時の肺がんに係る症状の有無,9P501000000000011,コード,CD,1,1.2.392.100495.100.2052,問診,exam,CodeableConcept,urn:oid:1.2.392.100495.100.2052,51,1,Y,Y,,,,,,,,,
肺がん一次検診,肺がん検診時の喫煙指数,9N737000000000012,数値,PQ,4,問診,social-history,integer,51,1,Y,Y,,,,,,,,,,,
肺がん一次検診,胸部エックス線検査,肺がん検診の胸部エックス線検査判定,9P502000000000011,コード,CD,1,COMP,1.2.392.100495.100.2100,検査結果,imaging,CodeableConcept,urn:oid:1.2.392.100495.100.2100,9P500,imaging,51,1,Y,Y,,,,,
肺がん一次検診,肺がん検診の胸部エックス線検査所見,9P503160800000049,文字列,ST,100,COMP,検査結果,imaging,string,9P500,imaging,51,1,Y,Y,,,,,,,,
肺がん一次検診,喀痰検査,肺がん検診の喀痰検査受診日,7A030161506144349,日付,ST,10,COMP,検査結果,laboratory,dateTime,7A030,laboratory,061:,喀痰,51,1,Y,Y,,,,,
肺がん一次検診,肺がん検診の喀痰検査判定,7A030000006144311,コード,CD,1,COMP,1.2.392.100495.100.2101,検査結果,laboratory,CodeableConcept,urn:oid:1.2.392.100495.100.2101,7A030,laboratory,061:,喀痰,51,1,Y,Y,,,,
肺がん一次検診,肺がん検診の喀痰検査所見,7A030160806144349,文字列,ST,100,COMP,検査結果,laboratory,string,7A030,laboratory,061:,喀痰,51,1,Y,Y,,,,,,
肺がん一次検診,検診結果,肺がん検診の精密検査対象有無,9P504000000000011,コード,CD,1,1.2.392.100495.100.2140,検査結果,exam,CodeableConcept,urn:oid:1.2.392.100495.100.2140,51,1,Y,,,,,,,,,
肺がん一次検診,肺がん検診のその他所見,9P505160800000049,文字列,ST,100,検査結果,exam,string,51,1,Y,Y,,,,,,,,,,,
肺がん一次検診,肺がん検診による偶発症の有無,9P506000000000011,コード,CD,1,1.2.392.100495.100.2010,検査結果,exam,CodeableConcept,urn:oid:1.2.392.100495.100.2010,51,1,Y,Y,,,,,,,,,
肺がん精密検査,検診結果,肺がん検診の精密検査結果,9P507000000000011,コード,CD,1,1.2.392.100495.100.2150,検査結果,exam,CodeableConcept,urn:oid:1.2.392.100495.100.2150,51,2,Y,,,,,,,,,
肺がん精密検査,肺がん検診の精密検査その他所見,9P508160800000049,文字列,ST,100,検査結果,exam,string,51,2,Y,Y,,,,,,,,,,,
肺がん精密検査,肺がん検診の精密検査による偶発症の有無,9P509000000000011,コード,CD,1,1.2.392.100495.100.2011,検査結果,exam,CodeableConcept,urn:oid:1.2.392.100495.100.2011,51,2,Y,Y,,,,,,,,,
乳がん一次検診,問診,乳がん検診の過去の受診歴,9P520000000000011,コード,CD,1,1.2.392.100495.100.2000,問診,exam,CodeableConcept,urn:oid:1.2.392.100495.100.2000,52,1,Y,Y,,,,,,,,
乳がん一次,乳がん検診時の乳がんに係る症状の有無,9P521000000000011,コード,CD,1,1.2.392.100495.100.2052,問診,exam,CodeableConcept,urn:oid:1.2.392.100495.100.2052,52,1,Y,Y,,,,,,,,,
乳がん一次,マンモグラフィー検査,乳がん検診のマンモグラフィー検査判定,9N281000000000011,コード,CD,2,COMP,1.2.392.100495.100.2200,検査結果,imaging,CodeableConcept,urn:oid:1.2.392.100495.100.2200,9N281,imaging,52,1,Y,Y,,,,,
乳がん一次,乳がん検診のマンモグラフィー検査所見,9N281160800000049,文字列,ST,100,COMP,検査結果,imaging,string,9N281,imaging,52,1,Y,Y,,,,,,,,
乳がん一次,検診結果,乳がん検診の精密検査対象有無,9P522000000000011,コード,CD,1,1.2.392.100495.100.2240,検査結果,exam,CodeableConcept,urn:oid:1.2.392.100495.100.2240,52,1,Y,,,,,,,,,
乳がん一次,乳がん検診のその他所見,9P523160800000049,文字列,ST,100,検査結果,exam,string,52,1,Y,Y,,,,,,,,,,,
乳がん一次,乳がん検診による偶発症の有無,9P524000000000011,コード,CD,1,1.2.392.100495.100.2010,検査結果,exam,CodeableConcept,urn:oid:1.2.392.100495.100.2010,52,1,Y,Y,,,,,,,,,
乳がん精密検査,検診結果,乳がん検診の精密検査結果,9P525000000000011,コード,CD,1,1.2.392.100495.100.2250,検査結果,exam,CodeableConcept,urn:oid:1.2.392.100495.100.2250,52,2,Y,,,,,,,,,
乳がん精密検査,乳がん検診の精密検査所見,9P526160800000049,文字列,ST,100,検査結果,exam,string,52,2,Y,Y,,,,,,,,,,,
乳がん精密検査,乳がん検診の精密検査による偶発症の有無,9P527000000000011,コード,CD,1,1.2.392.100495.100.2011,検査結果,exam,CodeableConcept,urn:oid:1.2.392.100495.100.2011,52,2,Y,Y,,,,,,,,,
胃がん一次検診,問診,胃がん検診の過去の受診歴,9P540000000000011,コード,CD,1,1.2.392.100495.100.2000,問診,exam,CodeableConcept,urn:oid:1.2.392.100495.100.2000,53,1,Y,Y,,,,,,,,
胃がん一次,胃がん検診時の胃がんに係る症状の有無,9P541000000000011,コード,CD,1,1.2.392.100495.100.2052,問診,exam,CodeableConcept,urn:oid:1.2.392.100495.100.2052,53,1,Y,Y,,,,,,,,,
胃がん一次,胃エックス線検査,胃がん検診の胃部エックス線検査検査判定,9P542160700000011,コード,CD,1,COMP,1.2.392.100495.100.2050,検査結果,imaging,CodeableConcept,urn:oid:1.2.392.100495.100.2050,9P542,imaging,53,1,Y,Y,,,,,
胃がん一次,胃がん検診の胃部エックス線検査所見,9P543160800000049,文字列,ST,100,COMP,検査結果,imaging,string,9P542,imaging,53,1,Y,Y,,,,,,,,
胃がん一次,胃内視鏡検査,胃がん検診の胃内視鏡検査検査判定,9P544160700000011,コード,CD,1,COMP,1.2.392.100495.100.2050,検査結果,procedure,CodeableConcept,urn:oid:1.2.392.100495.100.2050,9P544,procedure,53,1,Y,,,,,,
胃がん一次,胃がん検診の胃内視鏡検査所見,9P545160800000049,文字列,ST,100,COMP,検査結果,procedure,string,9P544,procedure,53,1,Y,,,,,,,,,
胃がん一次,検診結果,胃がん検診の精密検査の対象有無,9P546000000000011,コード,CD,1,1.2.392.100495.100.2340,検査結果,exam,CodeableConcept,urn:oid:1.2.392.100495.100.2340,53,1,Y,,,,,,,,,
胃がん一次,胃がん検診のその他所見,9P547160800000049,文字列,ST,100,検査結果,exam,string,53,1,Y,Y,,,,,,,,,,,
胃がん一次,胃がん検診による偶発症の有無,9P548000000000011,コード,CD,1,1.2.392.100495.100.2010,検査結果,exam,CodeableConcept,urn:oid:1.2.392.100495.100.2010,53,1,Y,Y,,,,,,,,,
胃がん精密検査,検診結果,胃がん検診の精密検査結果,9P549000000000011,コード,CD,1,1.2.392.100495.100.2350,検査結果,exam,CodeableConcept,urn:oid:1.2.392.100495.100.2350,53,2,Y,,,,,,,,,
胃がん精密検査,胃がん検診の精密検査所見,9P550160800000049,文字列,ST,100,検査結果,exam,string,53,2,Y,Y,,,,,,,,,,,
胃がん精密検査,胃がん検診の精密検査による偶発症の有無,9P551000000000011,コード,CD,1,1.2.392.100495.100.2011,検査結果,exam,CodeableConcept,urn:oid:1.2.392.100495.100.2011,53,2,Y,Y,,,,,,,,,
子宮頸がん一次検診,問診,子宮頸がん検診の過去の受診歴,9P560000000000011,コード,CD,1,1.2.392.100495.100.2000,問診,exam,CodeableConcept,urn:oid:1.2.392.100495.100.2000,54,1,Y,Y,,,,,,,,
子宮頸がん一次,子宮頸がん検診時の子宮頸がんに係る症状の有無,9P561000000000011,コード,CD,1,1.2.392.100495.100.2052,問診,exam,CodeableConcept,urn:oid:1.2.392.100495.100.2052,54,1,Y,Y,,,,,,,,,
子宮頸がん一次,視診・内診,子宮頸がん検診の視診所見有無,9N291160700000011,コード,CD,1,COMP,1.2.392.100495.100.2050,検査結果,exam,CodeableConcept,urn:oid:1.2.392.100495.100.2050,*,54,1,Y,Y,,,,,,
子宮頸がん一次,子宮頸がん検診の視診所見内容,9N291160800000049,文字列,ST,100,COMP,検査結果,exam,string,component,に記載,54,1,Y,Y,,,,,,,,
子宮頸がん一次,子宮頸がん検診の内診所見有無,9N296160700000011,コード,CD,1,COMP,1.2.392.100495.100.2050,検査結果,exam,CodeableConcept,urn:oid:1.2.392.100495.100.2050,*,54,1,Y,Y,,,,,,,
子宮頸がん一次,子宮頸がん検診の内診所見内容,9N296160800000049,文字列,ST,100,COMP,検査結果,exam,string,component,に記載,54,1,Y,,,,,,,,,
子宮頸がん一次,頸部細胞診検査,子宮頸がん検診の頸部細胞診検査判定,7A021000008543311,コード,CD,2,COMP,1.2.392.100495.100.2400,検査結果,laboratory,CodeableConcept,urn:oid:1.2.392.100495.100.2400,7A021,laboratory,085:擦過物,54,1,Y,Y,,,,
子宮頸がん一次,子宮頸がん検診の頸部細胞診検査所見,7A021160808543349,文字列,ST,100,COMP,検査結果,laboratory,string,7A021,laboratory,085:擦過物,54,1,Y,Y,,,,,,,
子宮頸がん一次,検診結果,子宮頸がん検診の精密検査の対象有無,9P562000000000011,コード,CD,1,1.2.392.100495.100.2440,検査結果,laboratory,CodeableConcept,urn:oid:1.2.392.100495.100.2440,54,1,Y,,,,,,,,,
子宮頸がん一次,子宮頸がん検診のその他所見,9P563160800000049,文字列,ST,100,検査結果,exam,string,54,1,Y,Y,,,,,,,,,,,
子宮頸がん一次,子宮頚がん検診による偶発症の有無,9P564000000000011,コード,CD,1,1.2.392.100495.100.2010,検査結果,exam,CodeableConcept,urn:oid:1.2.392.100495.100.2010,54,1,Y,Y,,,,,,,,,
子宮頸がん精密検査,検診結果,子宮頸がん検診の精密検査結果,9P565000000000011,コード,CD,2,1.2.392.100495.100.2450,検査結果,exam,CodeableConcept,urn:oid:1.2.392.100495.100.2450,54,2,,,,,,,,,,
子宮頸がん精密検査,子宮頸がん検診の精密検査所見,9P566160800000049,文字列,ST,100,検査結果,exam,string,54,2,Y,,,,,,,,,,,,
子宮頸がん精密検査,子宮頚がん検診の精密検査による偶発症の有無,9P567000000000011,コード,CD,1,1.2.392.100495.100.2011,検査結果,exam,CodeableConcept,urn:oid:1.2.392.100495.100.2011,54,2,Y,,,,,,,,,,
大腸がん一次検診,問診,大腸がん検診の過去の受診歴,9P580000000000011,コード,CD,1,1.2.392.100495.100.2000,問診,exam,CodeableConcept,urn:oid:1.2.392.100495.100.2000,55,1,Y,Y,,,,,,,,
大腸がん一次,大腸がん検診時の大腸がんに係る症状の有無,9P581000000000011,コード,CD,1,1.2.392.100495.100.2052,問診,exam,CodeableConcept,urn:oid:1.2.392.100495.100.2052,55,1,Y,Y,,,,,,,,,
大腸がん一次,便潜血検査,大腸がん検診の便潜血検査判定,1B040000001599811,コード,CD,1,COMP,1.2.392.100495.100.2500,検査結果,laboratory,CodeableConcept,urn:oid:1.2.392.100495.100.2500,1B040,laboratory,015:便,55,1,Y,Y,,,,
大腸がん一次,大腸がん検診の便潜血検査所見,1B040160801599849,文字列,ST,100,COMP,検査結果,laboratory,CodeableConcept,1B040,laboratory,015:便,55,1,Y,Y,,,,,,,
大腸がん一次,検診結果,大腸がん検診の精密検査の対象有無,9P582000000000011,コード,CD,1,1.2.392.100495.100.2540,検査結果,exam,CodeableConcept,urn:oid:1.2.392.100495.100.2540,55,1,Y,,,,,,,,,
大腸がん一次,大腸がん検診のその他所見,9P583160800000049,文字列,ST,100,検査結果,exam,string,55,1,Y,Y,,,,,,,,,,,
大腸がん一次,大腸がん検診による偶発症の有無,9P584000000000011,コード,CD,1,1.2.392.100495.100.2010,検査結果,exam,CodeableConcept,urn:oid:1.2.392.100495.100.2010,55,1,Y,Y,,,,,,,,,
大腸がん精密検査,検診結果,大腸がん検診の精密検査結果,9P585000000000011,コード,CD,1,1.2.392.100495.100.2550,検査結果,exam,CodeableConcept,urn:oid:1.2.392.100495.100.2550,55,2,,,,,,,,,,
大腸がん精密検査,大腸がん検診の精密検査所見,9P586160800000049,文字列,ST,100,検査結果,exam,string,55,2,Y,,,,,,,,,,,,
大腸がん精密検査,大腸がん検診の精密検査による偶発症の有無,9P587000000000011,コード,CD,1,1.2.392.100495.100.2011,検査結果,exam,CodeableConcept,urn:oid:1.2.392.100495.100.2011,55,2,Y,,,,,,,,,,
肝炎ウイルス一次,問診,肝炎ウイルス検診時の問診：肝臓病歴、肝機能が悪いと言われた経験の有無,9P600000000000011,コード,CD,1,1.2.392.100495.100.2052,問診,exam,CodeableConcept,urn:oid:1.2.392.100495.100.2052,*,56,1,Y,Y,,,,,,,
肝炎ウイルス一次,肝炎ウイルス検診時の問診：肝臓病歴、肝機能が悪いと言われた時期,9P601160800000049,文字列,ST,4,問診,exam,dateTime,component,に記載,56,1,Y,,,,,,,,,,
肝炎ウイルス一次,肝炎ウイルス検診時の問診：広範な外科的処置歴の有無,9P602000000000011,コード,CD,1,1.2.392.100495.100.2054,問診,exam,CodeableConcept,urn:oid:1.2.392.100495.100.2054,*,56,1,Y,Y,,,,,,,,
肝炎ウイルス一次,肝炎ウイルス検診時の問診：広範な外科的処置時期,9P603160800000049,文字列,ST,4,問診,exam,dateTime,component,に記載,56,1,Y,,,,,,,,,,
肝炎ウイルス一次,肝炎ウイルス検診時の問診：妊娠・分娩時の多量出血歴の有無,9P604000000000011,コード,CD,1,1.2.392.100495.100.2054,問診,exam,CodeableConcept,urn:oid:1.2.392.100495.100.2054,*,56,1,Y,,,,,,,,,
肝炎ウイルス一次,肝炎ウイルス検診時の問診：妊娠・分娩時の多量出血の時期,9P605160800000049,文字列,ST,4,問診,exam,dateTime,component,に記載,56,1,Y,,,,,,,,,,
肝炎ウイルス一次,肝炎ウイルス検診時の問診：定期的な肝機能検査受診の有無,9P606000000000011,コード,CD,1,1.2.392.100495.100.2054,問診,exam,CodeableConcept,urn:oid:1.2.392.100495.100.2054,56,1,Y,Y,,,,,,,,,
肝炎ウイルス一次,肝炎ウイルス検診時の問診：B型肝炎ウイルス検査の受診歴の有無,9P607000000000011,コード,CD,1,1.2.392.100495.100.2054,問診,exam,CodeableConcept,urn:oid:1.2.392.100495.100.2054,*,56,1,Y,Y,,,,,,,,
肝炎ウイルス一次,肝炎ウイルス検診時の問診：B型肝炎ウイルス検査の受診時期,9P608160800000049,文字列,ST,4,問診,exam,dateTime,component,に記載,56,1,Y,,,,,,,,,,
肝炎ウイルス一次,肝炎ウイルス検診時の問診：B型肝炎治療歴の有無,9P609000000000011,コード,CD,1,1.2.392.100495.100.2054,問診,exam,CodeableConcept,urn:oid:1.2.392.100495.100.2054,*,56,1,Y,Y,,,,,,,,
肝炎ウイルス一次,肝炎ウイルス検診時の問診：B型肝炎治療時期,9P610160800000049,文字列,ST,4,問診,exam,dateTime,component,に記載,56,1,Y,,,,,,,,,,
肝炎ウイルス一次,肝炎ウイルス検診時の問診：C型肝炎ウイルス検査の受診歴の有無,9P611000000000011,コード,CD,1,1.2.392.100495.100.2054,問診,exam,CodeableConcept,urn:oid:1.2.392.100495.100.2054,*,56,1,Y,Y,,,,,,,,
肝炎ウイルス一次,肝炎ウイルス検診時の問診：C型肝炎ウイルス検査の受診時期,9P612160800000049,文字列,ST,4,問診,exam,dateTime,component,に記載,56,1,Y,,,,,,,,,,
肝炎ウイルス一次,肝炎ウイルス検診時の問診：C型肝炎治療歴の有無,9P613000000000011,コード,CD,1,1.2.392.100495.100.2054,問診,exam,CodeableConcept,urn:oid:1.2.392.100495.100.2054,*,56,1,Y,Y,,,,,,,,
肝炎ウイルス一次,肝炎ウイルス検診時の問診：C型肝炎治療時期,9P614160800000049,文字列,ST,4,問診,exam,dateTime,component,に記載,56,1,Y,,,,,,,,,,
肝炎ウイルス一次,B型肝炎ウイルス検査,肝炎ウイルス検診のB型肝炎ウイルス検査判定,9P615000000000011,コード,CD,1,1.2.392.100495.100.2640,検査結果,laboratory,CodeableConcept,urn:oid:1.2.392.100495.100.2640,56,1,Y,,,,,,,,,
肝炎ウイルス一次,C型肝炎ウイルス検査,肝炎ウイルス検診のC型肝炎ウイルス検査判定,9N401000000000011,コード,CD,1,1.2.392.100495.100.2641,検査結果,laboratory,CodeableConcept,urn:oid:1.2.392.100495.100.2641,56,1,Y,,,,,,,,,
肝炎ウイルス精密検査,検診結果,肝炎ウイルス検診の精密検査結果,9P616000000000011,コード,CD,1,1.2.392.100495.100.2650,検査結果,exam,CodeableConcept,urn:oid:1.2.392.100495.100.2650,56,2,,,,,,,,,,
肝炎ウイルス精密検査,肝炎ウイルス検診の精密検査所見,9P617160800000049,文字列,ST,100,検査結果,exam,string,56,2,Y,,,,,,,,,,,,
骨粗鬆症検診一次,問診,骨粗鬆症検診の問診：過去の検査判定,9P620000000000011,コード,CD,1,1.2.392.100495.100.2052,問診,exam,CodeableConcept,urn:oid:1.2.392.100495.100.2052,57,1,Y,Y,,,,,,,,
骨粗鬆症検診一次,骨粗鬆症検診の問診：過去の精密検査の対象有無,9P621000000000011,コード,CD,1,1.2.392.100495.100.2700,問診,exam,CodeableConcept,urn:oid:1.2.392.100495.100.2700,57,1,Y,Y,,,,,,,,,
骨粗鬆症検診一次,骨粗鬆症検診の問診：現在の体重,9N006000000000001,数値,PQ,5,問診,exam,Quantity,kg,57,1,Y,Y,,,,,,,,,,
骨粗鬆症検診一次,骨粗鬆症検診の問診：現在の身長,9N001000000000001,数値,PQ,5,問診,exam,Quantity,cm,57,1,Y,Y,,,,,,,,,,
骨粗鬆症検診一次,骨粗鬆症検診の問診：骨折の既往歴,9P622000000000011,コード,CD,1,1.2.392.100495.100.2051,問診,exam,CodeableConcept,urn:oid:1.2.392.100495.100.2051,57,1,Y,Y,,,,,,,,,
骨粗鬆症検診一次,骨粗鬆症検診の問診：過去の骨折の部位,9P623160800000049,文字列,ST,100,問診,exam,string,57,1,Y,Y,,,,,,,,,,,
骨粗鬆症検診一次,骨粗鬆症検診の問診：大腿骨近位部骨折の家族歴,9P624000000000011,コード,CD,1,1.2.392.100495.100.2052,問診,exam,CodeableConcept,urn:oid:1.2.392.100495.100.2052,57,1,Y,Y,,,,,,,,,
骨粗鬆症検診一次,骨粗鬆症検診の問診：喫煙習慣,9P625000000000011,コード,CD,1,1.2.392.100495.100.2701,問診,exam,CodeableConcept,urn:oid:1.2.392.100495.100.2701,57,1,Y,Y,,,,,,,,,
骨粗鬆症検診一次,骨粗鬆症検診の問診：飲酒量,9P626000000000001,数値,PQ,5,問診,exam,Quantity,ml/d,57,1,Y,Y,,,,,,,,,,
骨粗鬆症検診一次,骨粗鬆症検診の問診：ステロイド内服,9P627000000000011,コード,CD,1,1.2.392.100495.100.2702,問診,exam,CodeableConcept,urn:oid:1.2.392.100495.100.2702,57,1,Y,Y,,,,,,,,,
骨粗鬆症検診一次,骨粗鬆症検診の問診：関節リウマチ罹患,9P628000000000011,コード,CD,1,1.2.392.100495.100.2051,問診,exam,CodeableConcept,urn:oid:1.2.392.100495.100.2051,57,1,Y,Y,,,,,,,,,
骨粗鬆症検診一次,骨粗鬆症検診の問診：その他の既往歴,9P629160800000049,文字列,ST,100,問診,exam,string,57,1,Y,Y,,,,,,,,,,,
骨粗鬆症検診一次,骨粗鬆症検診の問診：活動量（運動頻度）,9P630000000000011,コード,CD,1,1.2.392.100495.100.2703,問診,exam,CodeableConcept,urn:oid:1.2.392.100495.100.2703,57,1,Y,Y,,,,,,,,,
骨粗鬆症検診一次,骨粗鬆症検診の問診：月経の有無,9P631000000000011,コード,CD,1,1.2.392.100495.100.2704,問診,exam,CodeableConcept,urn:oid:1.2.392.100495.100.2704,57,1,Y,,,,,,,,,,
骨粗鬆症検診一次,骨粗鬆症検診の問診：閉経の理由,9P632000000000011,コード,CD,1,1.2.392.100495.100.2705,問診,exam,CodeableConcept,urn:oid:1.2.392.100495.100.2705,57,1,Y,,,,,,,,,,
骨粗鬆症検診一次,骨粗鬆症検診の問診：閉経年齢,9P633000000000001,数値,PQ,3,問診,exam,Quantity,a,57,1,Y,,,,,,,,,,,
骨粗鬆症検診一次,骨粗鬆症検診の問診：その他問診事項,9P634160800000049,文字列,ST,100,問診,exam,string,57,1,Y,Y,,,,,,,,,,,
骨粗鬆症検診一次,骨粗鬆症DXA,検査,骨粗鬆症検診のDXA検査骨量値,9Z507195600000001,数値,PQ,5,COMP,検査結果,imaging,Quantity,{%YAM},9Z507,imaging,57,1,Y,,,,,,
骨粗鬆症検診一次,骨粗鬆症検診のDXA検査骨密度,9Z507195700000001,数値,PQ,5,COMP,検査結果,imaging,Quantity,g/cm2,9Z507,imaging,57,1,Y,Y,,,,,,,
骨粗鬆症検診一次,骨粗鬆症検診のDXA検査測定部位,9Z507195800000049,文字列,ST,100,COMP,検査結果,imaging,string,9Z507,imaging,57,1,Y,Y,,,,,,,,
骨粗鬆症検診一次,骨粗鬆症検診のDXA検査に使用した機器,9Z507195900000049,文字列,ST,50,COMP,検査結果,imaging,string,9Z507,imaging,57,1,Y,Y,,,,,,,,
骨粗鬆症検診一次,骨粗鬆症検診のDXA検査判定,9Z507000000000011,コード,CD,1,COMP,1.2.392.100495.100.2706,検査結果,imaging,CodeableConcept,urn:oid:1.2.392.100495.100.2706,9Z507,imaging,57,1,Y,,,,,,,
骨粗鬆症検診一次,骨粗鬆症検診のDXA検査所見,9Z507160800000049,文字列,ST,100,COMP,検査結果,imaging,string,9Z507,imaging,57,1,Y,Y,,,,,,,,
骨粗鬆症検診一次,骨粗鬆症エックス線検査,骨粗鬆症検診のエックス線検査骨量値,9Z531195600000001,数値,PQ,5,COMP,検査結果,imaging,Quantity,{%YAM},9Z531,imaging,57,1,,,,,,,,
骨粗鬆症検診一次,骨粗鬆症検診のエックス線検査骨密度,9Z531195700000001,数値,PQ,5,COMP,検査結果,imaging,Quantity,g/cm2,9Z531,imaging,57,1,Y,,,,,,,,
骨粗鬆症検診一次,骨粗鬆症検診のエックス線検査測定部位,9Z531195800000049,文字列,ST,100,COMP,検査結果,imaging,string,9Z531,imaging,57,1,Y,,,,,,,,,
骨粗鬆症検診一次,骨粗鬆症検診のエックス線検査に使用した機器,9Z531195900000049,文字列,ST,50,COMP,検査結果,imaging,string,9Z531,imaging,57,1,Y,,,,,,,,,
骨粗鬆症検診一次,骨粗鬆症検診のエックス線検査判定,9Z531000000000011,コード,CD,1,COMP,1.2.392.100495.100.2706,検査結果,imaging,CodeableConcept,urn:oid:1.2.392.100495.100.2706,9Z531,imaging,57,1,,,,,,,,
骨粗鬆症検診一次,骨粗鬆症検診のエックス線検査所見,9Z531160800000049,文字列,ST,100,COMP,検査結果,imaging,string,9Z531,imaging,57,1,Y,,,,,,,,,
骨粗鬆症検診一次,骨粗鬆症CT,検査,骨粗鬆症検診のCT検査骨量値,9Z536195600000001,数値,PQ,5,COMP,検査結果,imaging,Quantity,{%YAM},9Z536,imaging,57,1,,,,,,,
骨粗鬆症検診一次,骨粗鬆症検診のCT検査骨密度,9Z536195700000001,数値,PQ,5,COMP,検査結果,imaging,Quantity,mg/cm3,9Z536,imaging,57,1,Y,,,,,,,,
骨粗鬆症検診一次,骨粗鬆症検診のCT検査測定部位,9Z536195800000049,文字列,ST,100,COMP,検査結果,imaging,string,9Z536,imaging,57,1,Y,,,,,,,,,
骨粗鬆症検診一次,骨粗鬆症検診のCT検査に使用した機器,9Z536195900000049,文字列,ST,50,COMP,検査結果,imaging,string,9Z536,imaging,57,1,Y,,,,,,,,,
骨粗鬆症検診一次,骨粗鬆症検診のCT検査判定,9Z536000000000011,コード,CD,1,COMP,1.2.392.100495.100.2706,検査結果,imaging,CodeableConcept,urn:oid:1.2.392.100495.100.2706,9Z536,imaging,57,1,,,,,,,,
骨粗鬆症検診一次,骨粗鬆症検診のCT検査所見,9Z536160800000049,文字列,ST,100,COMP,検査結果,imaging,string,9Z536,imaging,57,1,Y,,,,,,,,,
骨粗鬆症検診一次,骨粗鬆症超音波検査,骨粗鬆症検診の超音波検査骨量値,9Z541195600000001,数値,PQ,5,COMP,検査結果,imaging,Quantity,{%YAM},9Z541,imaging,57,1,,,,,,,,
骨粗鬆症検診一次,骨粗鬆症検診の超音波検査の結果,9Z541195700000001,数値,PQ,5,COMP,検査結果,imaging,Quantity,m/s,9Z541,imaging,57,1,Y,,,,,,,,
骨粗鬆症検診一次,骨粗鬆症検診の超音波検査測定部位,9Z541195800000049,文字列,ST,100,COMP,検査結果,imaging,string,9Z541,imaging,57,1,Y,,,,,,,,,
骨粗鬆症検診一次,骨粗鬆症検診の超音波検査に使用した機器,9Z541195900000049,文字列,ST,50,COMP,検査結果,imaging,string,9Z541,imaging,57,1,Y,,,,,,,,,
骨粗鬆症検診一次,骨粗鬆症検診の超音波検査判定,9Z541000000000011,コード,CD,1,COMP,1.2.392.100495.100.2706,検査結果,imaging,CodeableConcept,urn:oid:1.2.392.100495.100.2706,9Z541,imaging,57,1,,,,,,,,
骨粗鬆症検診一次,骨粗鬆症検診の超音波検査所見,9Z541160800000049,文字列,ST,100,COMP,検査結果,imaging,string,9Z541,imaging,57,1,Y,,,,,,,,,
骨粗鬆症検診一次,検診結果,骨粗鬆症検診の判定,9P637000000000011,コード,CD,1,1.2.392.100495.100.2740,検査結果,exam,CodeableConcept,urn:oid:1.2.392.100495.100.2740,57,1,Y,,,,,,,,,
骨粗鬆症検診精密検査,検診結果,骨粗鬆症検診の精密検査結果,9P638000000000011,コード,CD,1,1.2.392.100495.100.2750,検査結果,exam,CodeableConcept,urn:oid:1.2.392.100495.100.2750,57,2,,,,,,,,,,
骨粗鬆症検診精密検査,骨粗鬆症検診の精密検査所見,9P639160800000049,文字列,ST,100,検査結果,exam,string,57,2,Y,,,,,,,,,,,,
歯周疾患一次検診,問診,歯周疾患検診の問診：１日での歯をみがく頻度,9P650000000000011,コード,CD,1,1.2.392.100495.100.2800,問診,exam,CodeableConcept,urn:oid:1.2.392.100495.100.2800,58,1,Y,Y,,,,,,,,
歯周疾患検診一次,歯周疾患検診の問診：歯間ブラシやフロスの使用頻度,9P651000000000011,コード,CD,1,1.2.392.100495.100.2801,問診,exam,CodeableConcept,urn:oid:1.2.392.100495.100.2801,58,1,Y,Y,,,,,,,,,
歯周疾患検診一次,歯周疾患検診の問診：過去１年間の歯科検診の受診の有無,9P652000000000011,コード,CD,1,1.2.392.100495.100.2053,問診,exam,CodeableConcept,urn:oid:1.2.392.100495.100.2053,58,1,Y,Y,,,,,,,,,
歯周疾患検診一次,歯周疾患検診の問診：喫煙歴,9P653000000000011,コード,CD,1,1.2.392.100495.100.2802,問診,exam,CodeableConcept,urn:oid:1.2.392.100495.100.2802,58,1,Y,Y,,,,,,,,,
歯周疾患検診一次,歯周疾患検診の問診：喫煙を開始した年齢,9P654000000000001,数値,PQ,3,問診,exam,Quantity,a,58,1,Y,,,,,,,,,,,
歯周疾患検診一次,歯周疾患検診の問診：喫煙を止めた年齢,9P655000000000001,数値,PQ,3,問診,exam,Quantity,a,58,1,Y,,,,,,,,,,,
歯周疾患検診一次,歯周疾患検診の問診：1日の平均喫煙本数,9P656000000000001,数値,PQ,3,問診,exam,Quantity,{hon}/d,58,1,Y,,,,,,,,,,,
歯周疾患検診一次,歯周疾患検診の問診：糖尿病罹患の有無,9P657000000000011,コード,CD,1,1.2.392.100495.100.2051,問診,exam,CodeableConcept,urn:oid:1.2.392.100495.100.2051,58,1,Y,Y,,,,,,,,,
歯周疾患検診一次,歯周疾患検診の問診：関節リウマチ罹患の有無,9P658000000000011,コード,CD,1,1.2.392.100495.100.2051,問診,exam,CodeableConcept,urn:oid:1.2.392.100495.100.2051,58,1,Y,Y,,,,,,,,,
歯周疾患検診一次,歯周疾患検診の問診：狭心症・心筋梗塞・脳梗塞罹患の有無,9P659000000000011,コード,CD,1,1.2.392.100495.100.2051,問診,exam,CodeableConcept,urn:oid:1.2.392.100495.100.2051,58,1,Y,Y,,,,,,,,,
歯周疾患検診一次,歯周疾患検診の問診：内蔵脂肪型肥満の有無,9P660000000000011,コード,CD,1,1.2.392.100495.100.2051,問診,exam,CodeableConcept,urn:oid:1.2.392.100495.100.2051,58,1,Y,Y,,,,,,,,,
歯周疾患検診一次,歯周疾患検診の問診：妊娠の有無,9P661000000000011,コード,CD,1,1.2.392.100495.100.2051,問診,exam,CodeableConcept,urn:oid:1.2.392.100495.100.2051,58,1,Y,,,,,,,,,,
歯周疾患検診一次,歯周疾患検診の問診：その他全身の状態,9P662160800000049,文字列,ST,100,問診,exam,string,58,1,Y,Y,,,,,,,,,,,
歯周疾患検診一次,歯周疾患検診の健全歯数,9P663000000000001,数値,PQ,2,問診,exam,Quantity,{hon},58,1,Y,,,,,,,,,,,
歯周疾患検診一次,歯周疾患検診の未処置歯数,9P664000000000001,数値,PQ,2,問診,exam,Quantity,{hon},58,1,Y,,,,,,,,,,,
歯周疾患検診一次,歯周疾患検診の処置歯数,9P665000000000001,数値,PQ,2,問診,exam,Quantity,{hon},58,1,Y,,,,,,,,,,,
歯周疾患検診一次,歯周疾患検診の喪失歯数,9P666000000000001,数値,PQ,2,問診,exam,Quantity,{hon},58,1,Y,,,,,,,,,,,
歯周疾患検診一次,歯周疾患検診の要補綴歯数,9P667000000000001,数値,PQ,2,問診,exam,Quantity,{hon},58,1,Y,,,,,,,,,,,
歯周疾患検診一次,歯周疾患検診の欠損補綴歯数,9P668000000000001,数値,PQ,2,問診,exam,Quantity,{hon},58,1,Y,,,,,,,,,,,
歯周疾患検診一次,歯周疾患検診の現在歯数,9P669000000000001,数値,PQ,2,問診,exam,Quantity,{hon},58,1,Y,,,,,,,,,,,
歯周疾患検診一次,歯周疾患検診の歯肉出血ＢＯＰ（１７または１６）,9P670000000000011,コード,CD,1,1.2.392.100495.100.2803,問診,exam,CodeableConcept,urn:oid:1.2.392.100495.100.2803,58,1,Y,,,,,,,,,,
歯周疾患検診一次,歯周疾患検診の歯肉出血ＢＯＰ（１１）,9P671000000000011,コード,CD,1,1.2.392.100495.100.2803,問診,exam,CodeableConcept,urn:oid:1.2.392.100495.100.2803,58,1,Y,,,,,,,,,,
歯周疾患検診一次,歯周疾患検診の歯肉出血ＢＯＰ（２６または２７）,9P672000000000011,コード,CD,1,1.2.392.100495.100.2803,問診,exam,CodeableConcept,urn:oid:1.2.392.100495.100.2803,58,1,Y,,,,,,,,,,
歯周疾患検診一次,歯周疾患検診の歯肉出血ＢＯＰ（４７または４６）,9P673000000000011,コード,CD,1,1.2.392.100495.100.2803,問診,exam,CodeableConcept,urn:oid:1.2.392.100495.100.2803,58,1,Y,,,,,,,,,,
歯周疾患検診一次,歯周疾患検診の歯肉出血ＢＯＰ（３１）,9P674000000000011,コード,CD,1,1.2.392.100495.100.2803,問診,exam,CodeableConcept,urn:oid:1.2.392.100495.100.2803,58,1,Y,,,,,,,,,,
歯周疾患検診一次,歯周疾患検診の歯肉出血ＢＯＰ（３６または３７）,9P675000000000011,コード,CD,1,1.2.392.100495.100.2803,問診,exam,CodeableConcept,urn:oid:1.2.392.100495.100.2803,58,1,Y,,,,,,,,,,
歯周疾患検診一次,歯周疾患検診の歯肉出血ＢＯＰ（最大値）,9P676000000000011,コード,CD,1,1.2.392.100495.100.2803,問診,exam,CodeableConcept,urn:oid:1.2.392.100495.100.2803,58,1,Y,,,,,,,,,,
歯周疾患検診一次,歯周疾患検診の歯周ポケットＰＤ（１７または１６）,9P677000000000011,コード,CD,1,1.2.392.100495.100.2804,問診,exam,CodeableConcept,urn:oid:1.2.392.100495.100.2804,58,1,Y,,,,,,,,,,
歯周疾患検診一次,歯周疾患検診の歯周ポケットＰＤ（１１）,9P678000000000011,コード,CD,1,1.2.392.100495.100.2804,問診,exam,CodeableConcept,urn:oid:1.2.392.100495.100.2804,58,1,Y,,,,,,,,,,
歯周疾患検診一次,歯周疾患検診の歯周ポケットＰＤ（２６または２７）,9P679000000000011,コード,CD,1,1.2.392.100495.100.2804,問診,exam,CodeableConcept,urn:oid:1.2.392.100495.100.2804,58,1,Y,,,,,,,,,,
歯周疾患検診一次,歯周疾患検診の歯周ポケットＰＤ（４７または４６）,9P680000000000011,コード,CD,1,1.2.392.100495.100.2804,問診,exam,CodeableConcept,urn:oid:1.2.392.100495.100.2804,58,1,Y,,,,,,,,,,
歯周疾患検診一次,歯周疾患検診の歯周ポケットＰＤ（３１）,9P681000000000011,コード,CD,1,1.2.392.100495.100.2804,問診,exam,CodeableConcept,urn:oid:1.2.392.100495.100.2804,58,1,Y,,,,,,,,,,
歯周疾患検診一次,歯周疾患検診の歯周ポケットＰＤ（３６または３７）,9P682000000000011,コード,CD,1,1.2.392.100495.100.2804,問診,exam,CodeableConcept,urn:oid:1.2.392.100495.100.2804,58,1,Y,,,,,,,,,,
歯周疾患検診一次,歯周疾患検診の歯周ポケットＰＤ（最大値）,9P683000000000011,コード,CD,1,1.2.392.100495.100.2804,問診,exam,CodeableConcept,urn:oid:1.2.392.100495.100.2804,58,1,Y,,,,,,,,,,
歯周疾患検診一次,歯周疾患検診の歯石の付着,9P684000000000011,コード,CD,1,1.2.392.100495.100.2805,問診,exam,CodeableConcept,urn:oid:1.2.392.100495.100.2805,58,1,Y,,,,,,,,,,
歯周疾患検診一次,歯周疾患検診の口腔清掃状態,9P685000000000011,コード,CD,1,1.2.392.100495.100.2806,問診,exam,CodeableConcept,urn:oid:1.2.392.100495.100.2806,58,1,Y,,,,,,,,,,
歯周疾患検診一次,歯周疾患検診の歯列咬合所見,9P686000000000011,コード,CD,1,1.2.392.100495.100.2050,問診,exam,CodeableConcept,urn:oid:1.2.392.100495.100.2050,58,1,Y,Y,,,,,,,,,
歯周疾患検診一次,歯周疾患検診の顎関節所見,9P687000000000011,コード,CD,1,1.2.392.100495.100.2050,問診,exam,CodeableConcept,urn:oid:1.2.392.100495.100.2050,58,1,Y,Y,,,,,,,,,
歯周疾患検診一次,歯周疾患検診の粘膜所見,9P688000000000011,コード,CD,1,1.2.392.100495.100.2050,問診,exam,CodeableConcept,urn:oid:1.2.392.100495.100.2050,58,1,Y,,,,,,,,,,
歯周疾患検診一次,歯周疾患検診のその他所見,9P689160800000049,文字列,ST,100,問診,exam,string,58,1,Y,Y,,,,,,,,,,,
歯周疾患検診一次,検診結果,歯周疾患検診の判定区分,9P690000000000011,コード,CD,1,1.2.392.100495.100.2840,検査結果,exam,CodeableConcept,58,1,Y,,,,,,,,,,
歯周疾患精密検査,検診結果,歯周疾患検診の精密検査結果,9P691000000000011,コード,CD,1,1.2.392.100495.100.2850,検査結果,exam,CodeableConcept,58,2,,,,,,,,,,,
歯周疾患検診精検,歯周疾患検診の精密検査所見,9P692160800000049,文字列,ST,100,検査結果,exam,string,58,2,,,,,,,,,,,,,